view,year,id,name,region,is_estimate,color_group,siting_regime,confidence,wholesale_price_mwh,all_in_price_mwh,retail_price_cents_kwh,price_2023_mwh,capacity_additions_mw,capacity_additions_elcc_mw,project_count,peak_demand_gw,queue_completion_pct,queue_cohort,avg_queue_duration_months,qualitative_note,source_price,source_capacity,source_peak,source_queue,retirements_mw
iso,2023,ERCOT,Electric Reliability Council of Texas,Texas,False,functional,,,55.5,55.5,,,7757,3736,120,85.5,42.6,2018–2020,32,"Energy-only market. 2023 prices elevated ($55.50/MWh) before massive 2024 buildout. Supply response in motion — 7.8 GW added in 2023, nearly doubling to ~14 GW in 2024.","E3 2024 ERCOT Market Update (ERCOT North Hub DA avg, 2023)","EIA-860M Jan 2026 vintage (solar 3,553 / battery 1,924 / wind 1,461 / gas 820 MW)",ERCOT (2023 record of 85.5 GW),"Brattle/Grid Strategies/AEU Scorecard (2018–2020 cohort, 42.6%)",1031
iso,2023,SPP,Southwest Power Pool,Central US,False,intermediate,,,26.0,27.44,,,2090,476,25,56.2,15,2000–2019,45,Wind-dominated additions in 2023. Prices stable around $26/MWh. Large wind resource base keeps prices low despite modest queue throughput.,SPP 2023 State of the Market Report (DA system avg),"EIA-860M Jan 2026 vintage (wind 1,895 / solar 165 MW)",SPP 2023 State of the Market,LBNL Queued Up (2000–2019 cohort),1124
iso,2023,MISO,Midcontinent ISO,Central US (15 states),False,functional,,estimated,35.0,37.0,,,4878,2347,65,123.0,28,2018–2020,50,"Solar buildout accelerating in 2023. Prices ~$35/MWh (RT estimate, ~$37 all-in minus ~$2 PRA). Capacity additions nearly doubled from 2023 to 2024.","Potomac Economics 2023 MISO State of the Market (~$37 all-in minus ~$2 PRA, estimated)","EIA-860M Jan 2026 vintage (solar 2,758 / wind 1,386 / gas 690 MW)",MISO (2023 summer peak),"Brattle/Grid Strategies/AEU Scorecard (2018–2020 cohort, 28.3%)",3635
iso,2023,CAISO,California ISO,California,False,intermediate,,estimated,45.0,50.0,,,5701,3454,85,44.5,10,2000–2019,54,Battery storage buildout already substantial in 2023 (3 GW). Prices estimated ~$45/MWh DA energy-only (~$65 all-in less RA costs). Mandate-driven additions (SB 100).,CAISO DMM 2023 Annual Report (~$65 all-in; energy-only estimated at ~$45/MWh),"EIA-860M Jan 2026 vintage (battery 3,052 / solar 2,545 / wind 95 MW)",CAISO (Sept 2023 peak),LBNL Queued Up (2000–2019 cohort),949
iso,2023,PJM,PJM Interconnection,Mid-Atlantic & Midwest (13 states + DC),False,intermediate,,,31.08,33.34,,,7910,4938,95,147.0,12,2000–2019,60,Strong 2023 additions (7.9 GW) driven by gas CC cycle and solar. Prices $31/MWh. Capacity additions dropped to 4.1 GW in 2024 as queue congestion worsened. BRA 2025/26 at $269.92/MW-day signals the coming price shock.,"Monitoring Analytics 2023 PJM State of the Market (RT LW avg LMP, $31.08)","EIA-860M Jan 2026 vintage (solar 3,487 / gas CC 3,355 / wind 594 / gas CT 380 / battery 60 MW)",PJM (2023 summer peak ~147 GW),LBNL Queued Up (2000–2019 cohort),7009
iso,2023,NYISO,New York ISO,New York,False,broken,,estimated,45.0,53.0,,,923,266,15,30.2,10,2000–2019,52,Prices estimated ~$45/MWh wholesale (~$58 all-in minus ~$8 ICAP; zonal avg estimate). Minimal new supply. Offshore wind procurement delays continue.,Potomac Economics 2023 NYISO SOM (~$58 all-in; energy-only estimated at ~$45/MWh),EIA-860M Jan 2026 vintage (wind 557 / solar 313 / battery 53 MW),NYISO (2023 summer peak ~30.2 GW),LBNL Queued Up (2000–2019 cohort),634
iso,2023,ISO-NE,ISO New England,New England (6 states),False,broken,,,36.82,46.35,,,404,170,12,23.5,8,2000–2019,56,Lower prices in 2023 ($36.82) than 2024 ($41.47) — 13% YoY increase. Minimal additions. Gas dependence + pipeline constraints drive winter spikes.,"ISO-NE IMM 2023 Annual Markets Report (DA avg, $36.82)",EIA-860M Jan 2026 vintage (solar 336 / battery 61 MW),ISO-NE (2023 summer peak ~23.5 GW),LBNL Queued Up (2000–2019 cohort),278
iso,2024,ERCOT,Electric Reliability Council of Texas,Texas,False,functional,,,27.33,27.33,,55.5,13973,6773,180,85.2,42.6,2018–2020,32,"Energy-only market with streamlined interconnection. Added ~14 GW in 2024 (EIA-860M) — more than any other ISO — driven by solar, battery, and gas. Queue completion rate 3–5× higher than peers.",E3 2024 ERCOT Market Update (ERCOT North Hub DA avg),"EIA-860M Jan 2026 vintage (solar 7,277 / battery 4,264 / wind 1,735 / gas 697 MW). Note: industry sources (E3, IEEFA, Dallas Fed, Amperon) report ~18.7 GW pending final filings.","ERCOT (settled value, Aug 20 2024; below 2023 record of 85.5 GW)","Brattle/Grid Strategies/AEU Scorecard (2018–2020 cohort, 42.6%)",29
iso,2024,SPP,Southwest Power Pool,Central US,False,intermediate,,,27.56,29.0,,,1142,271,30,54.0,15,2000–2019,45,Wind-dominated resource mix with lowest wholesale prices. Modest new additions in 2024 but historically strong wind buildout. Queue reforms underway.,SPP 2024 Annual State of the Market Report (DA system avg),"EIA-860M Jan 2026 vintage (wind 902 / solar 225 MW). Note: industry sources (SPP ELCC Report, Amperon) report ~2.5 GW pending final filings.",SPP 2024 State of the Market (est. ~3% below 2023),LBNL Queued Up (2000–2019 cohort); Brattle Scorecard reports <10% for 2018–2020,388
iso,2024,MISO,Midcontinent ISO,Central US (15 states),False,functional,,,31.0,33.0,,,7156,3501,90,121.6,28,2018–2020,50,"Largest US ISO by geographic footprint. Solar installations doubled in 2024. Queue reforms (MTEP cycles) improving throughput, but ~72% of projects still never reach fruition.",Potomac Economics 2024 MISO State of the Market (RT avg LMP),"EIA-860M Jan 2026 vintage (solar 6,273 / wind 625 / gas 186 / battery 54 MW)",Amperon (Aug 26 2024),"Brattle/Grid Strategies/AEU Scorecard (2018–2020 cohort, 28.3%)",4380
iso,2024,CAISO,California ISO,California,False,intermediate,,,38.0,43.0,,,6535,4064,110,48.3,10,2000–2019,54,"Battery storage leader — added 3.6 GW of batteries in 2024 (EIA-860M). High additions driven by state mandates, but only ~10% of queue projects reach operation. Duck curve dynamics suppress midday prices.",CAISO DMM Q3/Q4 2024 Quarterly Reports (est. annual DA avg),"EIA-860M Jan 2026 vintage (battery 3,638 / solar 2,688 / wind 143 / gas 48 MW)",Amperon (Sept 5 2024),LBNL Queued Up (2000–2019 cohort); Concentric Energy Advisors; Brattle Scorecard reports <10% for 2018–2020,325
iso,2024,PJM,PJM Interconnection,Mid-Atlantic & Midwest (13 states + DC),False,intermediate,,,33.74,36.0,,,4079,1420,75,152.6,12,2000–2019,60,Largest US ISO by peak demand. Data center load growth outpacing new supply. Queue backlog of 260+ GW with only 12% completion rate. 'Speed to power' crisis identified by RMI.,Monitoring Analytics 2024 PJM State of the Market (RT LW avg LMP),"EIA-860M Jan 2026 vintage (solar 3,817 / wind 189 / battery 54 MW)",Amperon; PJM (July 16 2024),LBNL Queued Up (2000–2019 cohort); RMI; Brattle Scorecard reports <10% for 2018–2020,1570
iso,2024,NYISO,New York ISO,New York,False,broken,,,41.81,50.0,,,1069,363,18,29.0,10,2000–2019,52,Extreme zonal price divergence — NYC (Zone J) averages ~$50+/MWh while upstate ~$25. Minimal new supply despite CLCPA mandates. Offshore wind procurement delays and Article 10 siting friction.,NYISO 'Impact of National & Global Conditions on Electricity Prices in New York' white paper (2024 avg wholesale price),EIA-860M Jan 2026 vintage (solar 915 / wind 130 / battery 20 MW),"NYISO (actual 2024 peak ~29.0 GW, July 8 2024)",LBNL Queued Up (2000–2019 cohort); Brattle Scorecard reports <10% for 2018–2020,38
iso,2024,ISO-NE,ISO New England,New England (6 states),False,broken,,,41.47,51.0,,,525,230,15,24.4,8,2000–2019,56,"Energy + FCA capacity cost ~$51/MWh (comparable basis). Published $87/MWh total includes RECs, RGGI, ancillary, and transmission. Vineyard Wind blade failure (July 2024) shut down all 136 MW for ~6 months; operational contribution in 2024 was severely limited. Gas dependence + pipeline constraints drive winter price spikes. Worst queue completion rate nationally.",ISO-NE Internal Market Monitor 2024 Annual Markets Report (DA avg),EIA-860M Jan 2026 vintage (solar 421 / gas 65 / battery 25 MW),FEL Power; ISO-NE (July 16 2024),LBNL Queued Up (2000–2019 cohort); Brattle/AEU Scorecard reports <10% for 2018–2020,1937
iso,2025,PJM,PJM Interconnection,Mid-Atlantic & Midwest (13 states + DC),True,intermediate,,BRA 2025/26 locked in at $269.92/MW-day (~$18/MWh capacity adder). Wholesale and capacity additions estimated.,34.0,52.0,,,4000,1400,70,155.0,12,2000–2019,60,BRA 2025/26 capacity price jumped 9× to $269.92/MW-day — the consequence of not building. All-in cost rises from ~$36 to ~$52/MWh. Queue backlog persists. Data center demand still growing.,"Wholesale: estimated ~$34/MWh (similar to 2024). Capacity: BRA 2025/26 at $269.92/MW-day (S&P Global, PJM official report)","Estimated ~4,000 MW (similar to 2024 EIA-860M, queue still clogged)",Estimated ~155 GW (trending up from 152.6 GW in 2024 due to data center growth),LBNL Queued Up (2000–2019 cohort); queue backlog persists,1044
iso,2025,MISO,Midcontinent ISO,Central US (15 states),True,functional,,"PRA 2025/26 locked in. Summer $666.50/MW-day (22× increase). Annualized ~$217/MW-day (~$9/MWh capacity adder, 10× increase). Wholesale and capacity additions estimated.",31.0,40.0,,,7000,3430,85,123.0,28,2018–2020,50,"MISO PRA 2025/26 prices exploded — summer capacity cost jumped 22× to $666.50/MW-day under the new Reliability-Based Demand Curve. Annualized average ~$217/MW-day (10× increase from $21/MW-day in 2024/25). Driven by tightening reserves, plant retirements, and the same structural underbuilding dynamics as PJM.","Wholesale: estimated ~$31/MWh (similar to 2024). Capacity: PRA 2025/26 (Enel North America, Utility Dive, RTO Insider). Summer $666.50/MW-day, annualized ~$217/MW-day.","Estimated ~7,000 MW (similar to 2024 EIA-860M)",Estimated ~123 GW (similar to 2024),Brattle/Grid Strategies/AEU Scorecard (2018–2020 cohort),449
iso,2025,ERCOT,Electric Reliability Council of Texas,Texas,True,functional,,$37.57 computed from 12 months of EIA STEO (ERCOT North Hub DA). Capacity from Modo Energy annual report. No annual SOM published yet.,37.57,37.57,,,11000,5400,160,86.0,42.6,2018–2020,32,Energy-only market. Price rose from $27.33 to $37.57 in 2025 — supply response taking a breather after massive 2024 buildout (14 GW). Battery and solar still dominating additions.,"EIA STEO monthly wholesale data (ERCOT North Hub DA, 12-month avg)","Modo Energy 2025 Annual Report (5,200 MW battery + 4,500 MW solar + wind/gas)",Estimated ~86 GW (similar to 2024),"Brattle/Grid Strategies/AEU Scorecard (2018–2020 cohort, 42.6%)",1
iso,2025,SPP,Southwest Power Pool,Central US,True,intermediate,,$37.91 computed from 12 months of EIA STEO (SPP South Hub DA). Capacity estimated proportionally to 2024.,37.91,39.0,,,1200,300,30,55.0,15,2000–2019,45,Wind-dominated resource mix. Prices jumped ~38% from $27.56 to $37.91 driven by gas price increases and demand growth. Modest additions continue.,"EIA STEO monthly wholesale data (SPP South Hub DA, 12-month avg)","Estimated ~1,200 MW (proportional to 2024 EIA-860M)",Estimated ~55 GW (similar to 2024),LBNL Queued Up (2000–2019 cohort),15
iso,2025,CAISO,California ISO,California,True,intermediate,,Estimated from CAISO DMM Q1–Q3 quarterly reports. Capacity from CAISO 2025 Year in Review. No annual SOM published yet.,35.0,40.0,,,5713,4100,100,49.0,10,2000–2019,54,"Battery storage buildout continues — 4,260 MW of batteries in 2025 (CAISO Year in Review). Wholesale prices declined from $38 to ~$35 due to solar oversupply suppressing midday prices.",CAISO DMM Q1–Q3 2025 Quarterly Reports (estimated annual DA avg),"CAISO 2025 Year in Review (includes 4,260 MW battery)",Estimated ~49 GW (trending up from 48.3 GW in 2024),LBNL Queued Up (2000–2019 cohort),12
iso,2025,NYISO,New York ISO,New York,True,broken,,Estimated from Potomac Economics quarterly reports + EIA monthly. Gas-driven winter spikes pushed annual average up. Conservative energy-only estimate.,55.0,65.0,,,800,350,18,30.0,10,2000–2019,52,High-price year driven by gas-fueled winter spikes. Energy-only estimate ~$55/MWh. Minimal new supply despite CLCPA mandates. Offshore wind delays persist.,"Potomac Economics quarterly reports + EIA monthly wholesale data (2025 avg, energy-only estimate)",Estimated ~800 MW (proportional to 2024 EIA-860M),Estimated ~30 GW (similar to 2024),LBNL Queued Up (2000–2019 cohort),5
iso,2025,ISO-NE,ISO New England,New England (6 states),True,broken,,Estimated from ISO Newswire monthly data. Winter spikes ($130+/MWh Dec/Jan/Feb) pulled annual average up significantly from 2024's $41.47.,55.0,65.0,,,600,250,15,25.0,8,2000–2019,56,Winter price spikes ($130+/MWh Dec/Jan/Feb) drove annual energy-only average from $41.47 to ~$55/MWh. Gas dependence + pipeline constraints amplified by cold winter. Minimal new capacity. Worst queue completion rate nationally.,"ISO Newswire monthly wholesale data (2025 avg, energy-only estimate)",Estimated ~600 MW (proportional to 2024 EIA-860M),Estimated ~25 GW (trending up from 24.4 GW in 2024),LBNL Queued Up (2000–2019 cohort),199
state,2023,TX,Texas,ERCOT,False,functional,Permissive,,55.5,55.5,10.04,,8139,4442,97,85.2,42.6,2018–2020,32,Single-state ISO. Energy-only market with streamlined interconnection drove 18.7 GW of additions in 2024 — more than any other state.,Inherited from ERCOT 2023 wholesale market,EIA-860M Jan 2026 vintage (operating year 2023),2024 proxy (EIA-861 state peak demand),Brattle/AEU Scorecard (2018–2020 cohort),2179
state,2023,CA,California,CAISO,False,intermediate,Moderate Friction,,45.0,50.0,24.87,,5492,3550,93,48.3,10,2000–2019,54,"Single-state ISO. Battery storage leader (4.2 GW in 2024). Additions driven by SB 100 mandates, not price signals.",Inherited from CAISO 2023 wholesale market,EIA-860M Jan 2026 vintage (operating year 2023),2024 proxy (EIA-861 state peak demand),LBNL Queued Up (2000–2019 cohort),1283
state,2023,NY,New York,NYISO,False,broken,Restrictive,,45.0,53.0,18.28,,953,306,10,29.0,10,2000–2019,52,Single-state ISO. Extreme NYC vs upstate price divergence. CLCPA mandates but siting friction (Article 10) stalls projects.,Inherited from NYISO 2023 wholesale market,EIA-860M Jan 2026 vintage (operating year 2023),2024 proxy (EIA-861 state peak demand),LBNL Queued Up (2000–2019 cohort),634
state,2023,IL,Illinois,MISO,False,functional,Permissive,,35.0,37.0,11.75,,2860,2008,16,25.2,28,ISO-level (MISO),50,Spans MISO (Ameren IL) and PJM (ComEd). Strong solar buildout downstate. CEJA (Climate and Equitable Jobs Act) driving utility-scale solar.,Inherited from MISO 2023 wholesale market,EIA-860M Jan 2026 vintage (operating year 2023),2024 proxy (EIA-861 state peak demand),Inherited from MISO (ISO-level),1694
state,2023,IN,Indiana,MISO,False,functional,Permissive,,35.0,37.0,11.49,,737,249,9,16.8,28,ISO-level (MISO),50,Spans MISO and PJM. Solar replacing retiring coal. Data center demand growing in central Indiana.,Inherited from MISO 2023 wholesale market,EIA-860M Jan 2026 vintage (operating year 2023),2024 proxy (EIA-861 state peak demand),Inherited from MISO (ISO-level),1069
state,2023,MN,Minnesota,MISO,False,functional,Permissive,,35.0,37.0,12.21,,248,77,4,10.5,28,ISO-level (MISO),50,Strong wind resource. Xcel Energy driving clean energy portfolio. Legislature passed 100% clean energy standard.,Inherited from MISO 2023 wholesale market,EIA-860M Jan 2026 vintage (operating year 2023),2024 proxy (EIA-861 state peak demand),Inherited from MISO (ISO-level),935
state,2023,MI,Michigan,MISO,False,functional,Permissive,,35.0,37.0,13.68,,605,178,5,22.0,28,ISO-level (MISO),50,Spans MISO (most of state) and PJM (small zone). 100% clean energy law passed 2023 driving solar expansion.,Inherited from MISO 2023 wholesale market,EIA-860M Jan 2026 vintage (operating year 2023),2024 proxy (EIA-861 state peak demand),Inherited from MISO (ISO-level),605
state,2023,IA,Iowa,MISO,False,functional,Permissive,,35.0,37.0,9.42,,435,115,5,8.2,28,ISO-level (MISO),50,Wind energy leader (~60% of generation from wind). Data center growth in Des Moines metro driving new demand.,Inherited from MISO 2023 wholesale market,EIA-860M Jan 2026 vintage (operating year 2023),2024 proxy (EIA-861 state peak demand),Inherited from MISO (ISO-level),275
state,2023,WI,Wisconsin,MISO,False,functional,Permissive,,35.0,37.0,12.72,,1091,461,14,12.4,28,ISO-level (MISO),50,Moderate solar growth. We Energies and Alliant driving utility-scale projects.,Inherited from MISO 2023 wholesale market,EIA-860M Jan 2026 vintage (operating year 2023),2024 proxy (EIA-861 state peak demand),Inherited from MISO (ISO-level),158
state,2023,LA,Louisiana,MISO,False,functional,Permissive,,35.0,37.0,8.91,,251,92,4,14.8,28,ISO-level (MISO),50,Spans MISO (Entergy) and SPP. Gas-heavy additions serving LNG export and petrochemical load growth.,Inherited from MISO 2023 wholesale market,EIA-860M Jan 2026 vintage (operating year 2023),2024 proxy (EIA-861 state peak demand),Inherited from MISO (ISO-level),0
state,2023,MS,Mississippi,MISO,False,functional,Permissive,,35.0,37.0,10.95,,666,597,4,7.1,28,ISO-level (MISO),50,Emerging solar market. Entergy Mississippi driving utility-scale solar procurement.,Inherited from MISO 2023 wholesale market,EIA-860M Jan 2026 vintage (operating year 2023),2024 proxy (EIA-861 state peak demand),Inherited from MISO (ISO-level),545
state,2023,MO,Missouri,MISO,False,functional,Moderate Friction,,35.0,37.0,10.87,,10,4,1,15.0,28,ISO-level (MISO),50,Spans MISO (Ameren MO) and SPP. Ameren driving solar procurement to replace coal retirements.,Inherited from MISO 2023 wholesale market,EIA-860M Jan 2026 vintage (operating year 2023),2024 proxy (EIA-861 state peak demand),Inherited from MISO (ISO-level),19
state,2023,AR,Arkansas,MISO,False,functional,Permissive,,35.0,37.0,9.73,,479,168,6,8.0,28,ISO-level (MISO),50,Spans MISO (Entergy) and SPP. Solar growing but still modest.,Inherited from MISO 2023 wholesale market,EIA-860M Jan 2026 vintage (operating year 2023),2024 proxy (EIA-861 state peak demand),Inherited from MISO (ISO-level),
state,2023,KY,Kentucky,MISO,False,functional,Moderate Friction,,35.0,37.0,9.96,,698,695,3,11.5,28,ISO-level (MISO),50,"Spans MISO (LG&E) and PJM (EKPC, DEOK). Coal-dependent state with slow transition.",Inherited from MISO 2023 wholesale market,EIA-860M Jan 2026 vintage (operating year 2023),2024 proxy (EIA-861 state peak demand),Inherited from MISO (ISO-level),5
state,2023,VA,Virginia,PJM,False,intermediate,Permissive,,31.08,33.34,10.68,,850,308,11,20.5,12,ISO-level (PJM),60,Data center capital of the world (Loudoun County). VCEA mandates driving massive solar procurement. Dominion Energy's offshore wind project (2.6 GW) under construction.,Inherited from PJM 2023 wholesale market,EIA-860M Jan 2026 vintage (operating year 2023),2024 proxy (EIA-861 state peak demand),Inherited from PJM (ISO-level),1963
state,2023,PA,Pennsylvania,PJM,False,intermediate,Moderate Friction,,31.08,33.34,12.57,,625,214,8,30.0,12,ISO-level (PJM),60,Large system but moderate buildout relative to peak. Solar growth in south-central PA. Gas generation well-established.,Inherited from PJM 2023 wholesale market,EIA-860M Jan 2026 vintage (operating year 2023),2024 proxy (EIA-861 state peak demand),Inherited from PJM (ISO-level),1436
state,2023,OH,Ohio,PJM,False,intermediate,Restrictive,,31.08,33.34,11.04,,3407,2536,27,22.0,12,ISO-level (PJM),60,SB 52 (2021) gave townships veto power over wind and solar. Local opposition slowing renewable siting despite PJM queue.,Inherited from PJM 2023 wholesale market,EIA-860M Jan 2026 vintage (operating year 2023),2024 proxy (EIA-861 state peak demand),Inherited from PJM (ISO-level),1776
state,2023,NJ,New Jersey,PJM,False,intermediate,Restrictive,,31.08,33.34,15.27,,100,50,2,19.5,12,ISO-level (PJM),60,Aggressive offshore wind targets (11 GW by 2040). Land-constrained — most solar is community/rooftop scale.,Inherited from PJM 2023 wholesale market,EIA-860M Jan 2026 vintage (operating year 2023),2024 proxy (EIA-861 state peak demand),Inherited from PJM (ISO-level),138
state,2023,MD,Maryland,PJM,False,intermediate,Moderate Friction,,31.08,33.34,14.34,,60,23,3,12.3,12,ISO-level (PJM),60,Clean energy mandate (50% by 2030) driving solar. Data center growth in Frederick/Montgomery counties.,Inherited from PJM 2023 wholesale market,EIA-860M Jan 2026 vintage (operating year 2023),2024 proxy (EIA-861 state peak demand),Inherited from PJM (ISO-level),2
state,2023,WV,West Virginia,PJM,False,intermediate,Restrictive,,31.08,33.34,10.26,,0,0,0,5.5,12,ISO-level (PJM),60,Coal-dependent. Very limited renewable development. State policy hostile to wind siting.,Inherited from PJM 2023 wholesale market,EIA-860M Jan 2026 vintage (operating year 2023),2024 proxy (EIA-861 state peak demand),Inherited from PJM (ISO-level),
state,2023,NC,North Carolina,PJM,False,intermediate,Moderate Friction,,31.08,33.34,10.61,,537,194,8,5.8,12,ISO-level (PJM),60,Small PJM footprint (Duke Carolinas). Most NC generation is outside organized markets. HB 951 driving solar growth.,Inherited from PJM 2023 wholesale market,EIA-860M Jan 2026 vintage (operating year 2023),2024 proxy (EIA-861 state peak demand),Inherited from PJM (ISO-level),66
state,2023,DE,Delaware,PJM,False,intermediate,Moderate Friction,,31.08,33.34,12.85,,0,0,0,2.3,12,ISO-level (PJM),60,Small state with limited land for utility-scale projects.,Inherited from PJM 2023 wholesale market,EIA-860M Jan 2026 vintage (operating year 2023),2024 proxy (EIA-861 state peak demand),Inherited from PJM (ISO-level),
state,2023,OK,Oklahoma,SPP,False,intermediate,Permissive,,26.0,27.44,9.3,,669,176,6,14.3,15,ISO-level (SPP),45,Major wind state with excellent resource. Growing solar and battery co-location. Permitting generally favorable.,Inherited from SPP 2023 wholesale market,EIA-860M Jan 2026 vintage (operating year 2023),2024 proxy (EIA-861 state peak demand),Inherited from SPP (ISO-level),
state,2023,KS,Kansas,SPP,False,intermediate,Permissive,,26.0,27.44,10.8,,859,218,8,7.8,15,ISO-level (SPP),45,Wind-dominant. Strong capacity additions relative to system size. Rural siting generally permissive.,Inherited from SPP 2023 wholesale market,EIA-860M Jan 2026 vintage (operating year 2023),2024 proxy (EIA-861 state peak demand),Inherited from SPP (ISO-level),
state,2023,NE,Nebraska,SPP,False,intermediate,Permissive,,26.0,27.44,9.14,,13,10,3,5.2,15,ISO-level (SPP),45,"Public power state (NPPD, OPPD). Wind additions steady. Unique ownership structure (no IOUs).",Inherited from SPP 2023 wholesale market,EIA-860M Jan 2026 vintage (operating year 2023),2024 proxy (EIA-861 state peak demand),Inherited from SPP (ISO-level),8
state,2023,NM,New Mexico,SPP,False,intermediate,Permissive,,26.0,27.44,9.47,,551,316,8,3.8,15,ISO-level (SPP),45,Spans SPP and non-ISO territory. Energy Transition Act driving coal replacement with solar and wind.,Inherited from SPP 2023 wholesale market,EIA-860M Jan 2026 vintage (operating year 2023),2024 proxy (EIA-861 state peak demand),Inherited from SPP (ISO-level),2
state,2023,MA,Massachusetts,ISO-NE,False,broken,Restrictive,,36.82,46.35,23.21,,66,35,2,6.3,8,ISO-level (ISO-NE),56,"High prices, minimal building. Offshore wind procurement delays. Land-constrained for utility-scale solar. Next-Gen RFPs proceeding slowly.",Inherited from ISO-NE 2023 wholesale market,EIA-860M Jan 2026 vintage (operating year 2023),2024 proxy (EIA-861 state peak demand),Inherited from ISO-NE (ISO-level),7
state,2023,CT,Connecticut,ISO-NE,False,broken,Restrictive,,36.82,46.35,24.24,,7,4,2,5.5,8,ISO-level (ISO-NE),56,Highest electricity costs in New England. Siting challenges for both onshore and offshore wind.,Inherited from ISO-NE 2023 wholesale market,EIA-860M Jan 2026 vintage (operating year 2023),2024 proxy (EIA-861 state peak demand),Inherited from ISO-NE (ISO-level),188
state,2023,ME,Maine,ISO-NE,False,broken,Restrictive,,36.82,46.35,20.84,,170,68,3,2.0,8,ISO-level (ISO-NE),56,Strong wind resource but local opposition. Rejected CMP transmission corridor. Small market limits utility-scale development.,Inherited from ISO-NE 2023 wholesale market,EIA-860M Jan 2026 vintage (operating year 2023),2024 proxy (EIA-861 state peak demand),Inherited from ISO-NE (ISO-level),80
state,2023,NH,New Hampshire,ISO-NE,False,broken,Restrictive,,36.82,46.35,22.96,,19,15,2,2.2,8,ISO-level (ISO-NE),56,Minimal new development. Northern Pass transmission rejected. Limited policy support for renewables.,Inherited from ISO-NE 2023 wholesale market,EIA-860M Jan 2026 vintage (operating year 2023),2024 proxy (EIA-861 state peak demand),Inherited from ISO-NE (ISO-level),2
state,2023,VT,Vermont,ISO-NE,False,broken,Restrictive,,36.82,46.35,17.53,,17,11,2,1.0,8,ISO-level (ISO-NE),56,Smallest New England state by demand. Strong Act 250 environmental review limits siting. Most generation is distributed/community solar.,Inherited from ISO-NE 2023 wholesale market,EIA-860M Jan 2026 vintage (operating year 2023),2024 proxy (EIA-861 state peak demand),Inherited from ISO-NE (ISO-level),2
state,2023,RI,Rhode Island,ISO-NE,False,broken,Restrictive,,36.82,46.35,21.62,,105,37,1,1.8,8,ISO-level (ISO-NE),56,Tiny land area limits utility-scale projects. Block Island Wind Farm was first US offshore wind (30 MW). Act on Climate goals unmatched by buildout.,Inherited from ISO-NE 2023 wholesale market,EIA-860M Jan 2026 vintage (operating year 2023),2024 proxy (EIA-861 state peak demand),Inherited from ISO-NE (ISO-level),
state,2024,TX,Texas,ERCOT,False,functional,Permissive,,27.33,27.33,9.79,,18700,9800,180,85.2,42.6,2018–2020,32,"TX state view uses industry sources (E3, IEEFA): 18.7 GW. ISO view uses EIA-860M only: 14.0 GW — difference reflects generators not yet filed with EIA. Energy-only market with streamlined interconnection.",Inherited from ERCOT wholesale market,EIA-860M plant state; E3; IEEFA,"ERCOT system peak (settled value, Aug 20 2024; below 2023 record of 85.5 GW)",Brattle/AEU Scorecard (2018–2020 cohort),29
state,2024,CA,California,CAISO,False,intermediate,Moderate Friction,,38.0,43.0,27.04,,7500,4640,110,48.3,10,2000–2019,54,"Single-state ISO. Battery storage leader (4.2 GW in 2024). Additions driven by SB 100 mandates, not price signals.",Inherited from CAISO wholesale market,EIA-860M plant state; CAISO Battery Storage Report,EIA-861 / Amperon (Sept 5 2024),LBNL Queued Up (2000–2019 cohort),439
state,2024,NY,New York,NYISO,False,broken,Restrictive,,41.81,50.0,19.66,,950,570,18,29.0,10,2000–2019,52,Single-state ISO. Extreme NYC vs upstate price divergence. CLCPA mandates but siting friction (Article 10) stalls projects.,Inherited from NYISO wholesale market,EIA-860M plant state; NYISO Winter Assessment,NYISO (July 8 2024),LBNL Queued Up (2000–2019 cohort),38
state,2024,IL,Illinois,MISO,False,functional,Permissive,,31.0,33.0,12.21,,1800,680,22,25.2,28,ISO-level (MISO),50,Spans MISO (Ameren IL) and PJM (ComEd). Strong solar buildout downstate. CEJA (Climate and Equitable Jobs Act) driving utility-scale solar.,Inherited from MISO wholesale market (dominant ISO),EIA-860M plant state,EIA-861 state peak demand,Inherited from MISO (ISO-level),1336
state,2024,IN,Indiana,MISO,False,functional,Permissive,,31.0,33.0,11.38,,1400,530,16,16.8,28,ISO-level (MISO),50,Spans MISO and PJM. Solar replacing retiring coal. Data center demand growing in central Indiana.,Inherited from MISO wholesale market (dominant ISO),EIA-860M plant state,EIA-861 state peak demand,Inherited from MISO (ISO-level),32
state,2024,MN,Minnesota,MISO,False,functional,Permissive,,31.0,33.0,12.35,,950,340,12,10.5,28,ISO-level (MISO),50,Strong wind resource. Xcel Energy driving clean energy portfolio. Legislature passed 100% clean energy standard.,Inherited from MISO wholesale market,EIA-860M plant state,EIA-861 state peak demand,Inherited from MISO (ISO-level),25
state,2024,MI,Michigan,MISO,False,functional,Permissive,,31.0,33.0,14.16,,700,280,10,22.0,28,ISO-level (MISO),50,Spans MISO (most of state) and PJM (small zone). 100% clean energy law passed 2023 driving solar expansion.,Inherited from MISO wholesale market (dominant ISO),EIA-860M plant state,EIA-861 state peak demand,Inherited from MISO (ISO-level),28
state,2024,IA,Iowa,MISO,False,functional,Permissive,,31.0,33.0,9.34,,750,240,9,8.2,28,ISO-level (MISO),50,Wind energy leader (~60% of generation from wind). Data center growth in Des Moines metro driving new demand.,Inherited from MISO wholesale market (dominant ISO),EIA-860M plant state,EIA-861 state peak demand,Inherited from MISO (ISO-level),18
state,2024,WI,Wisconsin,MISO,False,functional,Permissive,,31.0,33.0,12.72,,480,190,7,12.4,28,ISO-level (MISO),50,Moderate solar growth. We Energies and Alliant driving utility-scale projects.,Inherited from MISO wholesale market,EIA-860M plant state,EIA-861 state peak demand,Inherited from MISO (ISO-level),733
state,2024,LA,Louisiana,MISO,False,functional,Permissive,,31.0,33.0,8.8,,550,350,6,14.8,28,ISO-level (MISO),50,Spans MISO (Entergy) and SPP. Gas-heavy additions serving LNG export and petrochemical load growth.,Inherited from MISO wholesale market (dominant ISO),EIA-860M plant state,EIA-861 state peak demand,Inherited from MISO (ISO-level),1260
state,2024,MS,Mississippi,MISO,False,functional,Permissive,,31.0,33.0,10.93,,320,130,4,7.1,28,ISO-level (MISO),50,Emerging solar market. Entergy Mississippi driving utility-scale solar procurement.,Inherited from MISO wholesale market,EIA-860M plant state,EIA-861 state peak demand,Inherited from MISO (ISO-level),
state,2024,MO,Missouri,MISO,False,functional,Moderate Friction,,31.0,33.0,11.06,,380,150,5,15.0,28,ISO-level (MISO),50,Spans MISO (Ameren MO) and SPP. Ameren driving solar procurement to replace coal retirements.,Inherited from MISO wholesale market (dominant ISO),EIA-860M plant state,EIA-861 state peak demand,Inherited from MISO (ISO-level),1242
state,2024,AR,Arkansas,MISO,False,functional,Permissive,,31.0,33.0,9.59,,280,110,4,8.0,28,ISO-level (MISO),50,Spans MISO (Entergy) and SPP. Solar growing but still modest.,Inherited from MISO wholesale market (dominant ISO),EIA-860M plant state,EIA-861 state peak demand,Inherited from MISO (ISO-level),121
state,2024,KY,Kentucky,MISO,False,functional,Moderate Friction,,31.0,33.0,10.07,,200,90,3,11.5,28,ISO-level (MISO),50,"Spans MISO (LG&E) and PJM (EKPC, DEOK). Coal-dependent state with slow transition.",Inherited from MISO wholesale market (dominant ISO),EIA-860M plant state,EIA-861 state peak demand,Inherited from MISO (ISO-level),356
state,2024,VA,Virginia,PJM,False,intermediate,Permissive,,33.74,36.0,10.62,,1650,620,20,20.5,12,ISO-level (PJM),60,Data center capital of the world (Loudoun County). VCEA mandates driving massive solar procurement. Dominion Energy's offshore wind project (2.6 GW) under construction.,Inherited from PJM wholesale market,EIA-860M plant state,EIA-861 state peak demand,Inherited from PJM (ISO-level),76
state,2024,PA,Pennsylvania,PJM,False,intermediate,Moderate Friction,,33.74,36.0,12.51,,850,330,12,30.0,12,ISO-level (PJM),60,Large system but moderate buildout relative to peak. Solar growth in south-central PA. Gas generation well-established.,Inherited from PJM wholesale market,EIA-860M plant state,EIA-861 state peak demand,Inherited from PJM (ISO-level),667
state,2024,OH,Ohio,PJM,False,intermediate,Restrictive,,33.74,36.0,11.29,,680,270,10,22.0,12,ISO-level (PJM),60,SB 52 (2021) gave townships veto power over wind and solar. Local opposition slowing renewable siting despite PJM queue.,Inherited from PJM wholesale market,EIA-860M plant state,EIA-861 state peak demand,Inherited from PJM (ISO-level),14
state,2024,NJ,New Jersey,PJM,False,intermediate,Restrictive,,33.74,36.0,16.29,,420,165,8,19.5,12,ISO-level (PJM),60,Aggressive offshore wind targets (11 GW by 2040). Land-constrained — most solar is community/rooftop scale.,Inherited from PJM wholesale market,EIA-860M plant state,EIA-861 state peak demand,Inherited from PJM (ISO-level),160
state,2024,MD,Maryland,PJM,False,intermediate,Moderate Friction,,33.74,36.0,15.04,,350,140,6,12.3,12,ISO-level (PJM),60,Clean energy mandate (50% by 2030) driving solar. Data center growth in Frederick/Montgomery counties.,Inherited from PJM wholesale market,EIA-860M plant state,EIA-861 state peak demand,Inherited from PJM (ISO-level),240
state,2024,WV,West Virginia,PJM,False,intermediate,Restrictive,,33.74,36.0,11.05,,180,90,3,5.5,12,ISO-level (PJM),60,Coal-dependent. Very limited renewable development. State policy hostile to wind siting.,Inherited from PJM wholesale market,EIA-860M plant state,EIA-861 state peak demand,Inherited from PJM (ISO-level),
state,2024,NC,North Carolina,PJM,False,intermediate,Moderate Friction,,33.74,36.0,11.65,,220,85,4,5.8,12,ISO-level (PJM),60,Small PJM footprint (Duke Carolinas). Most NC generation is outside organized markets. HB 951 driving solar growth.,Inherited from PJM wholesale market,EIA-860M plant state (PJM footprint only),EIA-861 state peak demand (PJM portion est.),Inherited from PJM (ISO-level),448
state,2024,DE,Delaware,PJM,False,intermediate,Moderate Friction,,33.74,36.0,13.56,,60,25,2,2.3,12,ISO-level (PJM),60,Small state with limited land for utility-scale projects.,Inherited from PJM wholesale market,EIA-860M plant state,EIA-861 state peak demand,Inherited from PJM (ISO-level),
state,2024,OK,Oklahoma,SPP,False,intermediate,Permissive,,27.56,29.0,9.09,,780,290,8,14.3,15,ISO-level (SPP),45,Major wind state with excellent resource. Growing solar and battery co-location. Permitting generally favorable.,Inherited from SPP wholesale market,EIA-860M plant state,EIA-861 state peak demand,Inherited from SPP (ISO-level),248
state,2024,KS,Kansas,SPP,False,intermediate,Permissive,,27.56,29.0,11.21,,620,210,6,7.8,15,ISO-level (SPP),45,Wind-dominant. Strong capacity additions relative to system size. Rural siting generally permissive.,Inherited from SPP wholesale market,EIA-860M plant state,EIA-861 state peak demand,Inherited from SPP (ISO-level),57
state,2024,NE,Nebraska,SPP,False,intermediate,Permissive,,27.56,29.0,9.07,,350,120,4,5.2,15,ISO-level (SPP),45,"Public power state (NPPD, OPPD). Wind additions steady. Unique ownership structure (no IOUs).",Inherited from SPP wholesale market,EIA-860M plant state,EIA-861 state peak demand,Inherited from SPP (ISO-level),8
state,2024,NM,New Mexico,SPP,False,intermediate,Permissive,,27.56,29.0,9.18,,420,160,5,3.8,15,ISO-level (SPP),45,Spans SPP and non-ISO territory. Energy Transition Act driving coal replacement with solar and wind.,Inherited from SPP wholesale market (dominant ISO),EIA-860M plant state,EIA-861 state peak demand,Inherited from SPP (ISO-level),75
state,2024,MA,Massachusetts,ISO-NE,False,broken,Restrictive,,41.47,51.0,23.94,,170,90,6,6.3,8,ISO-level (ISO-NE),56,"High prices, minimal building. Offshore wind procurement delays. Land-constrained for utility-scale solar. Next-Gen RFPs proceeding slowly.",Inherited from ISO-NE wholesale market,EIA-860M plant state,EIA-861 state peak demand,Inherited from ISO-NE (ISO-level),1937
state,2024,CT,Connecticut,ISO-NE,False,broken,Restrictive,,41.47,51.0,24.37,,80,40,3,5.5,8,ISO-level (ISO-NE),56,Highest electricity costs in New England. Siting challenges for both onshore and offshore wind.,Inherited from ISO-NE wholesale market,EIA-860M plant state,EIA-861 state peak demand,Inherited from ISO-NE (ISO-level),
state,2024,ME,Maine,ISO-NE,False,broken,Restrictive,,41.47,51.0,19.66,,65,25,3,2.0,8,ISO-level (ISO-NE),56,Strong wind resource but local opposition. Rejected CMP transmission corridor. Small market limits utility-scale development.,Inherited from ISO-NE wholesale market,EIA-860M plant state,EIA-861 state peak demand,Inherited from ISO-NE (ISO-level),
state,2024,NH,New Hampshire,ISO-NE,False,broken,Restrictive,,41.47,51.0,20.61,,35,15,2,2.2,8,ISO-level (ISO-NE),56,Minimal new development. Northern Pass transmission rejected. Limited policy support for renewables.,Inherited from ISO-NE wholesale market,EIA-860M plant state,EIA-861 state peak demand,Inherited from ISO-NE (ISO-level),
state,2024,VT,Vermont,ISO-NE,False,broken,Restrictive,,41.47,51.0,18.41,,30,12,2,1.0,8,ISO-level (ISO-NE),56,Smallest New England state by demand. Strong Act 250 environmental review limits siting. Most generation is distributed/community solar.,Inherited from ISO-NE wholesale market,EIA-860M plant state,EIA-861 state peak demand,Inherited from ISO-NE (ISO-level),
state,2024,RI,Rhode Island,ISO-NE,False,broken,Restrictive,,41.47,51.0,24.15,,20,10,1,1.8,8,ISO-level (ISO-NE),56,Tiny land area limits utility-scale projects. Block Island Wind Farm was first US offshore wind (30 MW). Act on Climate goals unmatched by buildout.,Inherited from ISO-NE wholesale market,EIA-860M plant state,EIA-861 state peak demand,Inherited from ISO-NE (ISO-level),
state,2025,AR,Arkansas,MISO,True,functional,Permissive,estimated,31.0,40.0,9.84,,897,405,8,8.0,28,ISO-level (MISO),50,Spans MISO (Entergy) and SPP. Solar growing but still modest.,Inherited from MISO 2025 estimate,EIA-860M Jan 2026 vintage (operating year 2025),2024 proxy (EIA-861 state peak demand),Inherited from MISO (ISO-level),
state,2025,CA,California,CAISO,True,intermediate,Moderate Friction,estimated,35.0,40.0,27.63,,5095,3300,117,48.3,10,2000–2019,54,"Single-state ISO. Battery storage leader (4.2 GW in 2024). Additions driven by SB 100 mandates, not price signals.",Inherited from CAISO 2025 estimate,EIA-860M Jan 2026 vintage (operating year 2025),2024 proxy (EIA-861 state peak demand),LBNL Queued Up (2000–2019 cohort),95
state,2025,CT,Connecticut,ISO-NE,True,broken,Restrictive,estimated,55.0,65.0,25.68,,166,54,12,5.5,8,ISO-level (ISO-NE),56,Highest electricity costs in New England. Siting challenges for both onshore and offshore wind.,Inherited from ISO-NE 2025 estimate,EIA-860M Jan 2026 vintage (operating year 2025),2024 proxy (EIA-861 state peak demand),Inherited from ISO-NE (ISO-level),9
state,2025,DE,Delaware,PJM,True,intermediate,Moderate Friction,estimated,34.0,52.0,14.19,,11,3,3,2.3,12,ISO-level (PJM),60,Small state with limited land for utility-scale projects.,Inherited from PJM 2025 estimate,EIA-860M Jan 2026 vintage (operating year 2025),2024 proxy (EIA-861 state peak demand),Inherited from PJM (ISO-level),446
state,2025,IA,Iowa,MISO,True,functional,Permissive,estimated,31.0,40.0,9.76,,396,83,7,8.2,28,ISO-level (MISO),50,Wind energy leader (~60% of generation from wind). Data center growth in Des Moines metro driving new demand.,Inherited from MISO 2025 estimate,EIA-860M Jan 2026 vintage (operating year 2025),2024 proxy (EIA-861 state peak demand),Inherited from MISO (ISO-level),25
state,2025,IL,Illinois,MISO,True,functional,Permissive,estimated,31.0,40.0,13.74,,1491,578,100,25.2,28,ISO-level (MISO),50,Spans MISO (Ameren IL) and PJM (ComEd). Strong solar buildout downstate. CEJA (Climate and Equitable Jobs Act) driving utility-scale solar.,Inherited from MISO 2025 estimate,EIA-860M Jan 2026 vintage (operating year 2025),2024 proxy (EIA-861 state peak demand),Inherited from MISO (ISO-level),384
state,2025,IN,Indiana,MISO,True,functional,Permissive,estimated,31.0,40.0,12.57,,2995,1750,18,16.8,28,ISO-level (MISO),50,Spans MISO and PJM. Solar replacing retiring coal. Data center demand growing in central Indiana.,Inherited from MISO 2025 estimate,EIA-860M Jan 2026 vintage (operating year 2025),2024 proxy (EIA-861 state peak demand),Inherited from MISO (ISO-level),7
state,2025,KS,Kansas,SPP,True,intermediate,Permissive,estimated,37.91,39.0,11.52,,810,206,9,7.8,15,ISO-level (SPP),45,Wind-dominant. Strong capacity additions relative to system size. Rural siting generally permissive.,Inherited from SPP 2025 estimate,EIA-860M Jan 2026 vintage (operating year 2025),2024 proxy (EIA-861 state peak demand),Inherited from SPP (ISO-level),5
state,2025,KY,Kentucky,MISO,True,functional,Moderate Friction,estimated,31.0,40.0,10.55,,710,355,4,11.5,28,ISO-level (MISO),50,"Spans MISO (LG&E) and PJM (EKPC, DEOK). Coal-dependent state with slow transition.",Inherited from MISO 2025 estimate,EIA-860M Jan 2026 vintage (operating year 2025),2024 proxy (EIA-861 state peak demand),Inherited from MISO (ISO-level),
state,2025,LA,Louisiana,MISO,True,functional,Permissive,estimated,31.0,40.0,9.5,,895,773,3,14.8,28,ISO-level (MISO),50,Spans MISO (Entergy) and SPP. Gas-heavy additions serving LNG export and petrochemical load growth.,Inherited from MISO 2025 estimate,EIA-860M Jan 2026 vintage (operating year 2025),2024 proxy (EIA-861 state peak demand),Inherited from MISO (ISO-level),
state,2025,MA,Massachusetts,ISO-NE,True,broken,Restrictive,estimated,55.0,65.0,25.56,,205,156,19,6.3,8,ISO-level (ISO-NE),56,"High prices, minimal building. Offshore wind procurement delays. Land-constrained for utility-scale solar. Next-Gen RFPs proceeding slowly.",Inherited from ISO-NE 2025 estimate,EIA-860M Jan 2026 vintage (operating year 2025),2024 proxy (EIA-861 state peak demand),Inherited from ISO-NE (ISO-level),14
state,2025,MD,Maryland,PJM,True,intermediate,Moderate Friction,estimated,34.0,52.0,16.83,,407,125,20,12.3,12,ISO-level (PJM),60,Clean energy mandate (50% by 2030) driving solar. Data center growth in Frederick/Montgomery counties.,Inherited from PJM 2025 estimate,EIA-860M Jan 2026 vintage (operating year 2025),2024 proxy (EIA-861 state peak demand),Inherited from PJM (ISO-level),176
state,2025,ME,Maine,ISO-NE,True,broken,Restrictive,estimated,55.0,65.0,22.81,,389,195,6,2.0,8,ISO-level (ISO-NE),56,Strong wind resource but local opposition. Rejected CMP transmission corridor. Small market limits utility-scale development.,Inherited from ISO-NE 2025 estimate,EIA-860M Jan 2026 vintage (operating year 2025),2024 proxy (EIA-861 state peak demand),Inherited from ISO-NE (ISO-level),164
state,2025,MI,Michigan,MISO,True,functional,Permissive,estimated,31.0,40.0,14.73,,926,505,11,22.0,28,ISO-level (MISO),50,Spans MISO (most of state) and PJM (small zone). 100% clean energy law passed 2023 driving solar expansion.,Inherited from MISO 2025 estimate,EIA-860M Jan 2026 vintage (operating year 2025),2024 proxy (EIA-861 state peak demand),Inherited from MISO (ISO-level),
state,2025,MN,Minnesota,MISO,True,functional,Permissive,estimated,31.0,40.0,12.67,,293,159,27,10.5,28,ISO-level (MISO),50,Strong wind resource. Xcel Energy driving clean energy portfolio. Legislature passed 100% clean energy standard.,Inherited from MISO 2025 estimate,EIA-860M Jan 2026 vintage (operating year 2025),2024 proxy (EIA-861 state peak demand),Inherited from MISO (ISO-level),227
state,2025,MO,Missouri,MISO,True,functional,Moderate Friction,estimated,31.0,40.0,11.57,,850,425,5,15.0,28,ISO-level (MISO),50,Spans MISO (Ameren MO) and SPP. Ameren driving solar procurement to replace coal retirements.,Inherited from MISO 2025 estimate,EIA-860M Jan 2026 vintage (operating year 2025),2024 proxy (EIA-861 state peak demand),Inherited from MISO (ISO-level),
state,2025,MS,Mississippi,MISO,True,functional,Permissive,estimated,31.0,40.0,11.57,,354,194,4,7.1,28,ISO-level (MISO),50,Emerging solar market. Entergy Mississippi driving utility-scale solar procurement.,Inherited from MISO 2025 estimate,EIA-860M Jan 2026 vintage (operating year 2025),2024 proxy (EIA-861 state peak demand),Inherited from MISO (ISO-level),
state,2025,NC,North Carolina,PJM,True,intermediate,Moderate Friction,estimated,34.0,52.0,11.53,,394,206,9,5.8,12,ISO-level (PJM),60,Small PJM footprint (Duke Carolinas). Most NC generation is outside organized markets. HB 951 driving solar growth.,Inherited from PJM 2025 estimate,EIA-860M Jan 2026 vintage (operating year 2025),2024 proxy (EIA-861 state peak demand),Inherited from PJM (ISO-level),1
state,2025,NE,Nebraska,SPP,True,intermediate,Permissive,estimated,37.91,39.0,9.55,,692,657,12,5.2,15,ISO-level (SPP),45,"Public power state (NPPD, OPPD). Wind additions steady. Unique ownership structure (no IOUs).",Inherited from SPP 2025 estimate,EIA-860M Jan 2026 vintage (operating year 2025),2024 proxy (EIA-861 state peak demand),Inherited from SPP (ISO-level),8
state,2025,NH,New Hampshire,ISO-NE,True,broken,Restrictive,estimated,55.0,65.0,21.59,,0,0,0,2.2,8,ISO-level (ISO-NE),56,Minimal new development. Northern Pass transmission rejected. Limited policy support for renewables.,Inherited from ISO-NE 2025 estimate,EIA-860M Jan 2026 vintage (operating year 2025),2024 proxy (EIA-861 state peak demand),Inherited from ISO-NE (ISO-level),
state,2025,NJ,New Jersey,PJM,True,intermediate,Restrictive,estimated,34.0,52.0,18.84,,52,18,10,19.5,12,ISO-level (PJM),60,Aggressive offshore wind targets (11 GW by 2040). Land-constrained — most solar is community/rooftop scale.,Inherited from PJM 2025 estimate,EIA-860M Jan 2026 vintage (operating year 2025),2024 proxy (EIA-861 state peak demand),Inherited from PJM (ISO-level),
state,2025,NM,New Mexico,SPP,True,intermediate,Permissive,estimated,37.91,39.0,9.56,,921,493,20,3.8,15,ISO-level (SPP),45,Spans SPP and non-ISO territory. Energy Transition Act driving coal replacement with solar and wind.,Inherited from SPP 2025 estimate,EIA-860M Jan 2026 vintage (operating year 2025),2024 proxy (EIA-861 state peak demand),Inherited from SPP (ISO-level),53
state,2025,NY,New York,NYISO,True,broken,Restrictive,estimated,55.0,65.0,21.62,,409,175,90,29.0,10,2000–2019,52,Single-state ISO. Extreme NYC vs upstate price divergence. CLCPA mandates but siting friction (Article 10) stalls projects.,Inherited from NYISO 2025 estimate,EIA-860M Jan 2026 vintage (operating year 2025),2024 proxy (EIA-861 state peak demand),LBNL Queued Up (2000–2019 cohort),5
state,2025,OH,Ohio,PJM,True,intermediate,Restrictive,estimated,34.0,52.0,12.43,,1108,361,11,22.0,12,ISO-level (PJM),60,SB 52 (2021) gave townships veto power over wind and solar. Local opposition slowing renewable siting despite PJM queue.,Inherited from PJM 2025 estimate,EIA-860M Jan 2026 vintage (operating year 2025),2024 proxy (EIA-861 state peak demand),Inherited from PJM (ISO-level),21
state,2025,OK,Oklahoma,SPP,True,intermediate,Permissive,estimated,37.91,39.0,9.5,,1590,677,8,14.3,15,ISO-level (SPP),45,Major wind state with excellent resource. Growing solar and battery co-location. Permitting generally favorable.,Inherited from SPP 2025 estimate,EIA-860M Jan 2026 vintage (operating year 2025),2024 proxy (EIA-861 state peak demand),Inherited from SPP (ISO-level),
state,2025,PA,Pennsylvania,PJM,True,intermediate,Moderate Friction,estimated,34.0,52.0,14.11,,251,81,10,30.0,12,ISO-level (PJM),60,Large system but moderate buildout relative to peak. Solar growth in south-central PA. Gas generation well-established.,Inherited from PJM 2025 estimate,EIA-860M Jan 2026 vintage (operating year 2025),2024 proxy (EIA-861 state peak demand),Inherited from PJM (ISO-level),
state,2025,RI,Rhode Island,ISO-NE,True,broken,Restrictive,estimated,55.0,65.0,25.86,,12,4,3,1.8,8,ISO-level (ISO-NE),56,Tiny land area limits utility-scale projects. Block Island Wind Farm was first US offshore wind (30 MW). Act on Climate goals unmatched by buildout.,Inherited from ISO-NE 2025 estimate,EIA-860M Jan 2026 vintage (operating year 2025),2024 proxy (EIA-861 state peak demand),Inherited from ISO-NE (ISO-level),
state,2025,TX,Texas,ERCOT,True,functional,Permissive,estimated,37.57,37.57,10.18,,15729,8077,122,85.2,42.6,2018–2020,32,Single-state ISO. Energy-only market with streamlined interconnection drove 18.7 GW of additions in 2024 — more than any other state.,Inherited from ERCOT 2025 estimate,EIA-860M Jan 2026 vintage (operating year 2025),2024 proxy (EIA-861 state peak demand),Brattle/AEU Scorecard (2018–2020 cohort),1
state,2025,VA,Virginia,PJM,True,intermediate,Permissive,estimated,34.0,52.0,11.41,,486,159,19,20.5,12,ISO-level (PJM),60,Data center capital of the world (Loudoun County). VCEA mandates driving massive solar procurement. Dominion Energy's offshore wind project (2.6 GW) under construction.,Inherited from PJM 2025 estimate,EIA-860M Jan 2026 vintage (operating year 2025),2024 proxy (EIA-861 state peak demand),Inherited from PJM (ISO-level),
state,2025,VT,Vermont,ISO-NE,True,broken,Restrictive,estimated,55.0,65.0,19.39,,0,0,0,1.0,8,ISO-level (ISO-NE),56,Smallest New England state by demand. Strong Act 250 environmental review limits siting. Most generation is distributed/community solar.,Inherited from ISO-NE 2025 estimate,EIA-860M Jan 2026 vintage (operating year 2025),2024 proxy (EIA-861 state peak demand),Inherited from ISO-NE (ISO-level),13
state,2025,WI,Wisconsin,MISO,True,functional,Permissive,estimated,31.0,40.0,13.35,,752,494,31,12.4,28,ISO-level (MISO),50,Moderate solar growth. We Energies and Alliant driving utility-scale projects.,Inherited from MISO 2025 estimate,EIA-860M Jan 2026 vintage (operating year 2025),2024 proxy (EIA-861 state peak demand),Inherited from MISO (ISO-level),194
state,2025,WV,West Virginia,PJM,True,intermediate,Restrictive,estimated,34.0,52.0,11.4,,5,1,1,5.5,12,ISO-level (PJM),60,Coal-dependent. Very limited renewable development. State policy hostile to wind siting.,Inherited from PJM 2025 estimate,EIA-860M Jan 2026 vintage (operating year 2025),2024 proxy (EIA-861 state peak demand),Inherited from PJM (ISO-level),16
